{
  "total_pnl": -0.0013433637829124434,
  "hit_rate": 0.0,
  "max_drawdown": -0.0013433637829124434,
  "sharpe": -329853.00220654765,
  "trade_count": 5,
  "finite_pnl": true
}