{
  "fold": 1,
  "best_params": {
    "lookback": 45,
    "hidden_h1": 128,
    "hidden_h2": 0,
    "n_layers": 1,
    "epochs": 5,
    "dropout_l1": 0.26989657244414145,
    "dropout_l2": 0.021252603916542247,
    "lr": 0.000172564173327919,
    "weight_decay": 0.00016358262703585998,
    "batch_size": 128,
    "use_skip": true,
    "pfg_mode": "scheduled",
    "loss": "huber",
    "fold_reset": true
  },
  "smoke": true
}